,Component of Transformer,Benefit
0,Component of Transformer,Benefit
1,Self-Attention Mechanism,"Allows the model to attend to different parts of the input sequence simultaneously, enabling parallelization and reducing computational complexity."
2,Multi-Head Attention,"Enables the model to jointly attend to information from different representation subspaces at different positions, improving the model's ability to capture long-range dependencies."
3,Scaled Dot-Product Attention,"Provides a simple and efficient way to compute attention weights, allowing for fast computation and parallelization."
4,Positional Encoding,"Allows the model to retain information about the position of each input element, enabling the model to capture sequential relationships without relying on recurrence or convolution."
5,Encoder-Decoder Architecture,Enables the model to learn complex patterns in the input sequence and generate output sequences that are conditioned on the input.
0,Component of Transformer,Benefit
1,Self-Attention Mechanism,"Allows for parallelization, reduces sequential computation, and enables modeling of dependencies without regard to distance in input or output sequences."
2,Multi-Head Attention,"Counteracts reduced effective resolution due to averaging attention-weighted positions, allowing for more accurate representation of the sequence."
3,Encoder-Decoder Structure,"Enables efficient processing of long-range dependencies, allowing for better performance on tasks such as machine translation and language modeling."
4,Auto-Regressive Decoding,"Allows for generation of output sequences one element at a time, enabling control over the decoding process and improving overall performance."
0,Component of Transformer,Benefit
1,Multi-head Self-Attention Mechanism (Encoder),"Allows the model to attend to different parts of the input sequence simultaneously, capturing long-range dependencies."
2,Position-wise Fully Connected Feed-forward Network (Encoder),Helps to transform the output of self-attention mechanism and improves the model's ability to capture complex patterns in the input sequence.
3,Residual Connection (Encoder),"Enables the model to learn more complex representations by allowing the input to be added back into the output, facilitating learning of deeper representations."
4,Layer Normalization (Encoder),Helps to stabilize the training process and improve the model's ability to generalize to new data.
5,Multi-head Self-Attention Mechanism (Decoder),"Allows the decoder to attend to different parts of the input sequence simultaneously, capturing long-range dependencies and generating more coherent output."
6,Position-wise Fully Connected Feed-forward Network (Decoder),Helps to transform the output of self-attention mechanism and improves the model's ability to generate complex output sequences.
7,Residual Connection (Decoder),"Enables the decoder to learn more complex representations by allowing the input to be added back into the output, facilitating learning of deeper representations."
8,Layer Normalization (Decoder),Helps to stabilize the training process and improve the model's ability to generalize to new data.
9,Masking (Decoder),"Prevents positions from attending to subsequent positions, ensuring that predictions for a position can only depend on known outputs at previous positions."
0,Component of Transformer,Benefit
1,Scaled Dot-Product Attention,Fast and space-efficient implementation using matrix multiplication code; counteracts effect of large dot products by scaling with 1/√dk
2,Multi-Head Attention,"Allows for parallel attention functions on projected queries, keys, and values; enables learning of multiple attention mechanisms simultaneously"
0,Component of Transformer,Benefit
1,Multi-head Attention,"Allows the model to jointly attend to information from different representation subspaces at different positions, enabling parallel processing and reducing computational cost."
2,Encoder-Decoder Attention,"Enables every position in the decoder to attend over all positions in the input sequence, mimicking typical encoder-decoder attention mechanisms."
3,Self-Attention Layers (Encoder),"Allows each position in the encoder to attend to all positions in the previous layer of the encoder, enabling contextual understanding and capturing long-range dependencies."
4,Self-Attention Layers (Decoder),"Enables each position in the decoder to attend to all positions in the decoder up to and including that position, while preventing leftward information flow to preserve auto-regressive property."
5,Position-wise Feed-Forward Networks,"Applies fully connected feed-forward networks to each position separately and identically, enabling non-linear transformations and capturing complex relationships between input tokens."
0,Component of Transformer,Benefit
1,Self-Attention,"Fast computational complexity (O(n2·d)), parallelizable with minimum sequential operations, and short maximum path length for learning long-range dependencies."
2,Positional Encoding,Allows the model to make use of the order of the sequence by injecting information about relative or absolute position of tokens in the sequence. Enables the model to easily learn to attend by relative positions.
0,Component of Transformer,Benefit
1,Self-Attention,"Improves computational performance for tasks involving very long sequences, increases maximum path length to O(n/r)"
2,Convolutional Layers (with kernel width k < n),"Does not connect all pairs of input and output positions, requires a stack of O(n/k) or O(logk(n)) layers, increasing longest paths between any two positions in the network"
3,Separable Convolutions,"Decreases complexity to O(k·n·d+n·d2), even with k=n, complexity is equal to self-attention layer and point-wise feed-forward layer"
4,Self-Attention (as side benefit),"Yields more interpretable models, individual attention heads clearly learn to perform different tasks, many appear to exhibit behavior related to syntactic and semantic structure of sentences"
0,Component of Transformer,Benefit
1,Self-Attention Mechanism,"Allows the model to attend to different parts of the input sequence simultaneously, enabling it to capture long-range dependencies."
2,Encoder-Decoder Architecture,"Enables the model to generate output sequences that are longer than the input sequences, making it suitable for machine translation tasks."
3,Residual Dropout,Helps prevent overfitting by randomly dropping out some of the residual connections during training.
4,Label Smoothing,Improves accuracy and BLEU score by encouraging the model to be more uncertain about its predictions.
0,Component of Transformer,Benefit
1,Attention Heads (A),Varying attention heads can improve or degrade model quality; too many heads can lead to decreased performance.
2,Attention Key and Value Dimensions (A),"Keeping computation constant, varying key and value dimensions can impact model quality."
3,Reduced Attention Key Size (B),"Reducing the attention key size can hurt model quality, suggesting that determining compatibility is not easy."
4,Bigger Models (C & D),"Larger models tend to perform better, indicating that increased capacity can improve performance."
5,Dropout (C & D),Dropout can help avoid over-fitting and improve model performance.
6,Learned Positional Embeddings (E),Replacing sinusoidal positional encoding with learned embeddings can result in nearly identical performance to the base model.
0,Component of Transformer,Benefit
1,Multi-headed Self-Attention,"Generalizes well to English constituency parsing, outperforms previous models on translation tasks"
2,Attention-based Model,Can be trained significantly faster than architectures based on recurrent or convolutional layers
3,Sequence Transduction Model,"First model to replace recurrent layers with multi-headed self-attention, achieving state-of-the-art results in translation tasks"
0,Component of Transformer,Benefit
1,**Self-Attention Mechanism**,"Allows the model to attend to different parts of the input sequence simultaneously, enabling parallel processing and improving contextual understanding."
2,**Encoder-Decoder Architecture**,Enables the model to generate output sequences by encoding the input sequence into a fixed-size representation and then decoding it into an output sequence.
3,**Multi-Head Attention**,"Allows the model to jointly attend to information from different representation subspaces at different positions, improving the model's ability to capture complex relationships between input elements."
4,**Positional Encoding**,"Enables the model to maintain the relative position of input elements without relying on absolute positions or fixed-size representations, allowing for more effective handling of variable-length input sequences."
5,**Layer Normalization**,"Helps stabilize the training process by normalizing the activations at each layer, reducing the impact of internal covariate shift and improving the model's ability to generalize."
0,Component of Transformer,Benefit
1,Self-Attention Mechanism,"Allows the model to attend to different parts of the input sequence simultaneously, enabling parallel processing and capturing long-range dependencies."
2,Multi-Head Attention,"Enables the model to jointly attend to information from different representation subspaces at different positions, improving the model's ability to capture complex relationships between input elements."
3,Feed Forward Network (FFN),Provides a mechanism for the model to transform the output of self-attention and add non-linearity to the representations.
4,Encoder-Decoder Architecture,"Enables the model to process input sequences and generate output sequences, making it suitable for tasks like machine translation, text summarization, and language modeling."
5,Positional Encoding,"Allows the model to capture positional information without relying on absolute positions or explicit position indicators, enabling the model to handle variable-length input sequences."
0,Component of Transformer,Benefit
1,**Self-Attention Mechanism**,"Allows the model to attend to information from any position in the input sequence, enabling it to capture long-range dependencies and contextual relationships."
2,**Encoder-Decoder Architecture**,"Enables the model to generate output sequences that are longer than the input sequences, making it suitable for tasks such as machine translation and text summarization."
3,**Multi-Head Attention**,"Allows the model to jointly attend to information from different representation subspaces at different positions, improving its ability to capture complex relationships between input elements."
4,**Positional Encoding**,"Enables the model to maintain the relative position of elements in the input sequence, even when the sequence is transformed or permuted during processing."
5,**Layer Normalization**,Helps stabilize the training process and improve the model's performance by normalizing the activations at each layer.
0,Component of Transformer,Benefit
1,**Encoder**,Allows the model to understand the input sequence by generating contextualized representations of each token.
2,**Decoder**,"Enables the generation of output sequences based on the encoded inputs, allowing for tasks like machine translation and text summarization."
3,**Self-Attention Mechanism**,"Enables the model to attend to different parts of the input sequence simultaneously, capturing long-range dependencies and relationships between tokens."
4,**Multi-Head Attention**,"Allows the model to jointly attend to information from different representation subspaces at different positions, improving the model's ability to capture complex contextual relationships."
5,**Positional Encoding**,"Enables the model to maintain the relative position of tokens in the input sequence, allowing for effective processing of sequential data."
6,**Layer Normalization**,Helps stabilize the training process and improve the model's performance by normalizing the activations at each layer.
0,Component of Transformer,Benefit
1,**Encoder**,Allows the model to understand the input sequence and generate contextualized representations
2,**Decoder**,Enables the model to generate output sequences based on the encoded inputs and attention mechanisms
3,**Self-Attention Mechanism**,"Enables the model to attend to different parts of the input sequence simultaneously, allowing it to capture long-range dependencies and relationships between words"
4,**Multi-Head Attention**,"Allows the model to jointly attend to information from different representation subspaces at different positions, improving its ability to capture complex contextual relationships"
5,**Positional Encoding**,"Enables the model to maintain the relative position of words in the input sequence, allowing it to capture local dependencies and relationships between words"
6,**Layer Normalization**,"Helps stabilize the training process by normalizing the activations within each layer, reducing the risk of vanishing or exploding gradients"
7,**Feed-Forward Network (FFN)**,"Enables the model to transform the output of self-attention mechanisms through a feed-forward neural network, allowing it to capture more complex patterns and relationships"
